pelv_smpl_x,pelv_smpl_y,pelv_smpl_z,lhip_smpl_x,lhip_smpl_y,lhip_smpl_z,rhip_smpl_x,rhip_smpl_y,rhip_smpl_z,bell_smpl_x,bell_smpl_y,bell_smpl_z,lkne_smpl_x,lkne_smpl_y,lkne_smpl_z,rkne_smpl_x,rkne_smpl_y,rkne_smpl_z,spin_smpl_x,spin_smpl_y,spin_smpl_z,lank_smpl_x,lank_smpl_y,lank_smpl_z,rank_smpl_x,rank_smpl_y,rank_smpl_z,thor_smpl_x,thor_smpl_y,thor_smpl_z,ltoe_smpl_x,ltoe_smpl_y,ltoe_smpl_z,rtoe_smpl_x,rtoe_smpl_y,rtoe_smpl_z,neck_smpl_x,neck_smpl_y,neck_smpl_z,lcla_smpl_x,lcla_smpl_y,lcla_smpl_z,rcla_smpl_x,rcla_smpl_y,rcla_smpl_z,head_smpl_x,head_smpl_y,head_smpl_z,lsho_smpl_x,lsho_smpl_y,lsho_smpl_z,rsho_smpl_x,rsho_smpl_y,rsho_smpl_z,lelb_smpl_x,lelb_smpl_y,lelb_smpl_z,relb_smpl_x,relb_smpl_y,relb_smpl_z,lwri_smpl_x,lwri_smpl_y,lwri_smpl_z,rwri_smpl_x,rwri_smpl_y,rwri_smpl_z,lhan_smpl_x,lhan_smpl_y,lhan_smpl_z,rhan_smpl_x,rhan_smpl_y,rhan_smpl_z,nose_coco_x,nose_coco_y,nose_coco_z,leye_coco_x,leye_coco_y,leye_coco_z,lear_coco_x,lear_coco_y,lear_coco_z,reye_coco_x,reye_coco_y,reye_coco_z,rear_coco_x,rear_coco_y,rear_coco_z,htop_mpi_inf_3dhp_x,htop_mpi_inf_3dhp_y,htop_mpi_inf_3dhp_z
-586.975,52.86631,5685.1035,-541.9208,149.27878,5730.1904,-644.19617,146.53592,5665.5093,-600.679,-67.70255,5707.29,-387.31708,491.75333,5764.3516,-736.02637,476.44052,5514.624,-584.01025,-208.80806,5672.377,-515.38696,793.86414,5988.4424,-823.70135,832.23376,5663.302,-575.76917,-264.46057,5648.0835,-433.02783,895.57306,5965.005,-855.8464,899.409,5549.715,-577.12537,-487.57382,5630.4385,-511.22714,-389.83212,5686.474,-646.75354,-383.24258,5602.6978,-547.9609,-569.73834,5580.912,-407.56134,-389.01392,5735.8115,-741.86145,-374.94873,5535.455,-393.077,-144.20198,5794.217,-803.3864,-128.35896,5523.093,-356.83066,-65.005295,5559.119,-607.6118,3.1822982,5442.001,-342.10327,-35.26318,5482.8745,-548.2289,44.7668,5410.324,-489.01416,-632.265,5508.185,-477.1024,-664.03094,5544.618,-492.15704,-643.46765,5632.2866,-526.0088,-665.0638,5502.62,-618.43066,-643.9492,5535.0273,-564.0873,-777.618,5594.5186
-579.66113,59.10166,5697.079,-532.8947,155.1428,5739.8545,-638.1471,153.19312,5679.6143,-591.51495,-60.86141,5720.323,-353.6809,487.30386,5734.238,-733.36096,485.0542,5526.9272,-573.41455,-201.2332,5682.156,-481.43735,778.91144,5980.471,-819.55774,837.30334,5684.9697,-564.91766,-256.48477,5656.7095,-409.77582,889.5739,5955.327,-852.6453,903.59247,5573.0728,-563.98016,-479.22827,5634.6553,-498.10693,-381.5827,5690.652,-635.46234,-375.152,5611.0957,-535.3223,-560.05023,5583.896,-393.0389,-380.2957,5736.6216,-730.8275,-365.36087,5545.1304,-384.3593,-135.01697,5797.0713,-787.9303,-118.060265,5537.5977,-350.95233,-57.056435,5560.6636,-598.366,16.48367,5450.2236,-337.33008,-28.181568,5484.417,-539.41296,57.477318,5416.414,-478.61832,-624.5353,5509.8975,-466.36002,-657.4155,5546.448,-478.1599,-633.58136,5634.2383,-516.1517,-656.64417,5505.7134,-607.1107,-633.99805,5540.003,-553.29834,-768.339,5600.425
-566.2274,60.533894,5703.909,-518.39343,156.04008,5745.707,-624.61536,155.23743,5688.0024,-577.7268,-59.343468,5727.3423,-325.91846,480.5612,5721.022,-728.1452,486.9397,5538.5244,-559.12024,-198.87515,5687.241,-442.70685,771.7865,5974.126,-816.90906,837.3298,5701.034,-550.61884,-253.7926,5661.2183,-373.67316,886.5114,5949.4478,-851.4572,903.31366,5589.681,-548.3633,-476.13437,5636.0938,-482.5152,-378.9527,5692.4365,-620.43207,-372.13278,5614.864,-520.006,-556.59265,5584.8174,-376.3875,-378.5445,5737.1133,-716.0609,-362.43158,5549.204,-372.83417,-134.97171,5804.341,-773.7909,-115.52759,5545.5,-340.74854,-54.55412,5569.513,-585.8177,19.805428,5455.0093,-327.48672,-24.866444,5493.747,-527.32715,60.296776,5420.122,-463.25894,-620.3934,5509.911,-450.66437,-653.34766,5546.125,-462.12677,-629.8868,5633.7686,-501.13956,-653.40955,5505.8477,-591.7699,-630.6564,5540.922,-537.47644,-765.2696,5600.363
-544.94965,56.35854,5696.7827,-497.11786,151.63612,5738.6494,-603.5689,150.97961,5681.7573,-555.73596,-63.309704,5720.0195,-300.64413,473.99692,5731.5654,-713.53503,474.725,5518.7725,-536.6185,-201.36362,5678.1294,-394.68198,773.8551,5984.208,-806.9071,831.16516,5671.3716,-528.4059,-255.62683,5651.332,-316.9306,884.87415,5956.522,-840.61816,898.4816,5560.7856,-526.3121,-475.81674,5623.65,-459.43832,-380.03033,5679.226,-599.14874,-372.81207,5605.536,-498.5975,-556.1637,5570.9683,-351.49622,-381.04962,5720.9155,-696.6327,-363.17502,5543.0596,-349.89325,-139.62749,5793.9644,-754.0848,-117.0015,5544.831,-324.54752,-58.673897,5557.3975,-567.6418,17.618763,5449.168,-313.42886,-28.570683,5481.1885,-510.1075,57.449623,5412.167,-443.85742,-618.733,5494.4893,-429.85333,-650.7721,5530.014,-439.6042,-629.3213,5618.1113,-481.0464,-651.8126,5491.31,-571.47205,-630.078,5528.8955,-513.66315,-765.4763,5584.4146
-520.0792,53.75354,5698.2427,-471.556,148.73828,5738.933,-579.0883,148.4624,5684.867,-530.2404,-66.08514,5721.3535,-273.6255,470.9267,5744.3525,-697.2266,473.19977,5526.267,-512.2518,-204.18353,5680.186,-337.77393,782.5475,5991.328,-800.8424,827.4539,5673.7856,-504.53912,-258.43683,5653.323,-250.02158,885.1906,5959.366,-833.9134,893.22864,5563.982,-503.02158,-477.98502,5626.4824,-435.30353,-382.79007,5680.412,-576.0716,-375.40845,5609.3447,-475.32965,-558.6587,5573.893,-326.62897,-385.5606,5720.0293,-674.89453,-366.9371,5548.9854,-321.41202,-142.96396,5790.1406,-732.5549,-119.911964,5553.4365,-303.31616,-62.515778,5552.872,-547.4182,12.874469,5453.6436,-295.0218,-31.662975,5477.4385,-490.9437,52.12805,5415.9346,-421.2702,-621.1298,5496.714,-406.95493,-653.65247,5532.124,-416.08722,-632.164,5620.0215,-458.3084,-654.1783,5493.829,-548.2664,-632.25696,5532.0005,-489.75995,-768.46484,5585.3804
-492.80414,51.377968,5687.8896,-444.79776,145.94089,5728.4395,-552.109,145.52791,5676.3657,-502.0777,-68.333755,5710.2607,-252.08423,467.33636,5752.592,-680.14404,469.2746,5523.4736,-484.69003,-206.1978,5668.893,-274.53354,798.9696,5975.1406,-793.55286,826.67334,5655.7935,-477.35733,-260.40427,5641.8755,-185.16684,892.1367,5932.165,-825.85706,892.6393,5545.371,-475.44302,-479.48663,5613.7393,-407.79327,-384.79825,5666.7334,-548.7092,-376.75433,5598.564,-449.16522,-559.70795,5560.4014,-298.8178,-389.9022,5704.4814,-648.2522,-369.63998,5540.392,-291.33014,-147.70168,5775.552,-705.43976,-123.39522,5548.7554,-278.15643,-64.536736,5540.6846,-522.5327,4.5018525,5440.2524,-270.37134,-31.777767,5464.1494,-467.1783,42.97184,5399.057,-396.94998,-622.0848,5482.166,-381.87314,-654.55994,5517.142,-388.7893,-632.9281,5605.328,-433.8286,-655.0413,5480.193,-522.57245,-633.0451,5520.3823,-462.75116,-769.6365,5571.371
-462.07602,51.798683,5680.86,-413.62378,146.87386,5716.8486,-522.74347,145.15642,5672.34,-468.2854,-68.04806,5704.931,-223.72244,475.92172,5730.746,-664.3839,468.01358,5527.547,-453.40155,-207.46085,5665.3486,-213.29109,814.647,5946.476,-787.657,822.70197,5658.8545,-447.5871,-262.70813,5638.6313,-134.47772,898.44904,5884.6646,-822.37195,890.88885,5551.375,-447.04248,-482.84628,5613.243,-376.7462,-387.28955,5661.5244,-520.985,-379.85483,5600.5703,-421.22968,-562.3891,5559.295,-266.40424,-394.2566,5694.1733,-622.35956,-373.71313,5546.8687,-252.98538,-152.51608,5766.751,-675.74664,-126.66396,5552.366,-243.04407,-80.25838,5521.712,-497.59918,-6.2399445,5428.246,-238.90987,-50.60108,5441.8447,-445.01376,29.7137,5381.649,-368.4642,-622.4066,5481.3174,-353.37347,-655.379,5515.669,-360.52606,-635.4807,5602.6074,-404.53558,-655.2652,5478.6157,-493.63126,-635.9259,5518.575,-433.04956,-772.36414,5568.72
-430.38916,51.464806,5674.8926,-381.83188,146.37296,5707.8965,-491.0664,144.86864,5668.5254,-434.66177,-67.59605,5699.2964,-201.75485,476.97867,5722.8057,-640.4541,457.78775,5515.3564,-420.39606,-207.78018,5659.4204,-165.95448,817.7383,5930.8125,-777.26117,816.2118,5623.9883,-415.3266,-262.9179,5632.243,-112.253525,896.8914,5850.6904,-812.18585,882.6434,5517.051,-416.37042,-483.06747,5604.71,-344.85773,-387.78986,5651.8975,-489.47772,-379.91895,5595.6475,-390.87555,-561.275,5549.882,-234.3012,-396.44794,5681.63,-592.0354,-372.10828,5545.122,-220.37813,-157.5962,5750.698,-642.8244,-125.55491,5549.291,-220.94246,-103.64203,5497.3755,-472.4069,-20.483603,5408.05,-217.72314,-79.82614,5416.593,-421.2818,11.200198,5355.493,-339.42157,-620.43005,5470.728,-324.08585,-654.38995,5504.514,-328.89935,-634.17615,5590.9976,-375.86395,-653.3941,5468.6025,-463.93954,-634.80676,5509.972,-402.76837,-772.49994,5559.892
-395.38818,50.68628,5678.739,-347.19247,146.18997,5707.5454,-456.51923,143.52625,5676.515,-396.04205,-69.049904,5703.3496,-181.71315,482.79376,5739.9287,-613.7582,442.42206,5506.3066,-385.36707,-209.84058,5663.6904,-143.47423,819.5426,5950.0044,-763.2202,805.8678,5572.097,-381.15555,-265.49057,5635.767,-103.568825,895.0104,5865.025,-800.2054,869.0065,5462.0034,-384.5055,-485.53687,5608.111,-310.42264,-390.2164,5650.5923,-457.1014,-381.97906,5604.495,-362.00568,-563.1893,5552.306,-198.15848,-397.76663,5669.8345,-560.57666,-372.48004,5559.167,-175.67097,-154.61594,5710.9907,-611.1776,-124.6708,5559.6753,-189.09244,-119.30318,5459.769,-450.92172,-37.204014,5398.381,-195.22684,-102.3049,5378.88,-403.3012,-12.366651,5339.3823,-310.59625,-620.63416,5470.8623,-294.81723,-654.74695,5504.464,-298.7651,-635.90985,5591.925,-347.6541,-654.62634,5469.1006,-435.20175,-635.64435,5511.8945,-372.99707,-773.3087,5561.774
-356.80972,51.691223,5658.864,-308.7256,147.3588,5684.4062,-417.72812,144.12234,5656.5195,-356.24225,-67.88498,5685.5894,-153.0371,485.91666,5695.0845,-584.02216,434.7044,5477.002,-347.38043,-208.53093,5646.2354,-143.75847,819.6722,5912.985,-742.9637,794.446,5534.8877,-344.05283,-264.64478,5619.1436,-98.69056,888.7664,5827.393,-788.8273,857.4587,5428.789,-350.84863,-483.67798,5592.3022,-274.94916,-389.95764,5632.7256,-421.97818,-379.67676,5590.755,-329.86563,-561.85,5535.7817,-167.16008,-402.67953,5649.8174,-524.97266,-370.0967,5548.5303,-146.14902,-156.18625,5675.6494,-577.59454,-123.166504,5541.1104,-169.83244,-139.86136,5427.9062,-430.37198,-60.439106,5360.9585,-185.774,-132.53917,5345.997,-386.6821,-44.43006,5294.2544,-280.4291,-618.66754,5452.7603,-263.53027,-652.27875,5486.2856,-266.2366,-635.3998,5575.3647,-317.3914,-651.6507,5451.8105,-403.96466,-632.9711,5496.4556,-341.3632,-771.7358,5545.769
-324.42758,55.06958,5721.928,-274.40894,150.77719,5742.752,-385.02017,147.5947,5727.675,-320.4582,-66.81238,5746.509,-134.96855,495.29214,5763.3564,-564.01807,437.11313,5551.3823,-317.03204,-208.6138,5703.827,-144.08151,830.5685,5983.322,-721.883,799.5042,5605.445,-316.18732,-264.41257,5675.4683,-96.62242,899.8324,5897.944,-780.71344,859.94714,5501.9165,-324.36475,-486.40396,5647.576,-245.4393,-391.64377,5678.817,-394.93567,-381.13852,5655.661,-305.681,-563.8817,5587.6646,-136.55905,-404.98227,5670.632,-502.33627,-372.75494,5621.404,-118.25922,-152.49242,5639.3584,-560.4765,-126.71763,5599.012,-176.2194,-173.13338,5403.269,-425.0169,-93.75336,5397.76,-193.8862,-179.25293,5319.3354,-385.3235,-85.37784,5322.865,-256.25006,-619.4694,5503.4087,-238.6425,-653.17596,5536.2905,-240.99504,-638.48145,5624.548,-292.93027,-652.9083,5502.5693,-379.20575,-635.29877,5549.229,-314.71973,-775.07935,5597.225
-287.87155,56.35499,5688.3696,-236.64975,151.75327,5705.1978,-348.4164,148.3706,5698.4863,-282.93353,-63.034687,5711.8564,-113.75417,496.38422,5711.9062,-527.0729,425.75983,5510.1523,-283.24225,-203.524,5668.9404,-135.62563,829.01526,5932.0874,-669.0888,796.6754,5557.5674,-283.63022,-258.70184,5641.09,-90.05049,894.98975,5840.787,-737.37585,853.51056,5458.8325,-291.55225,-482.5624,5619.169,-211.93575,-385.26395,5636.308,-361.98022,-378.58685,5636.8794,-278.80264,-559.8246,5562.497,-108.45602,-396.40176,5599.6553,-473.55414,-374.29294,5616.0996,-102.07607,-160.40799,5488.925,-545.2758,-132.1062,5575.1533,-196.13683,-228.18721,5272.994,-434.54828,-136.24263,5348.6587,-217.43115,-248.06375,5196.823,-404.09204,-136.36147,5267.992,-231.34933,-616.8084,5480.372,-213.14737,-648.9669,5512.5254,-213.87065,-632.6312,5597.9775,-267.96973,-648.7033,5480.626,-352.018,-629.9214,5529.54,-287.77545,-767.6197,5575.634
-263.30942,50.255806,5729.455,-212.32153,145.74602,5744.842,-323.63654,141.31184,5740.6265,-258.34985,-70.082985,5752.0796,-97.43565,496.66968,5739.63,-496.2237,419.51285,5548.339,-260.60596,-210.28667,5708.1177,-135.11813,827.13245,5965.987,-614.91174,797.7637,5607.1484,-261.6752,-264.74924,5680.1177,-88.651726,896.4165,5872.8564,-685.7626,857.63605,5509.323,-268.15518,-489.695,5659.1445,-189.69595,-391.1323,5672.659,-338.59122,-386.5614,5680.478,-256.4277,-565.47144,5599.6646,-89.00856,-408.90973,5627.3643,-450.60907,-395.77216,5663.592,-102.436356,-188.35156,5492.583,-541.2868,-173.70384,5584.2983,-215.55806,-286.9129,5287.967,-458.75,-208.72803,5345.814,-243.22842,-316.706,5217.179,-431.79706,-209.56851,5264.383,-206.66817,-615.70984,5516.0654,-189.87607,-651.2726,5545.8154,-195.07437,-641.72327,5631.806,-242.99239,-649.70374,5513.3594,-328.36517,-635.88153,5562.1875,-266.3571,-774.4307,5598.991
-243.3543,39.035206,5808.6616,-191.32991,135.44223,5822.825,-304.17795,130.53384,5822.892,-238.50113,-81.544586,5829.731,-85.113846,489.41815,5793.341,-470.41113,429.35376,5654.674,-243.08823,-221.67326,5788.2686,-133.91139,832.2206,6004.7275,-560.0069,809.2855,5744.667,-246.05383,-276.90558,5761.361,-83.56926,899.2961,5906.6567,-632.7165,872.33466,5650.073,-251.83337,-501.97968,5745.63,-174.96652,-404.30872,5751.6626,-322.67755,-399.27716,5769.651,-237.219,-577.5842,5689.021,-78.60074,-432.21942,5700.2007,-439.31158,-418.34433,5762.426,-108.40798,-220.02751,5554.323,-562.0634,-207.06204,5689.036,-245.97739,-351.02313,5395.3457,-497.37338,-271.30917,5457.1636,-281.60425,-391.22357,5341.8086,-474.69174,-285.23947,5378.4795,-188.84523,-634.07104,5607.9873,-170.77013,-667.305,5636.1475,-171.04483,-650.56134,5719.5522,-226.70305,-666.9645,5607.262,-311.11127,-648.76917,5659.0327,-245.22922,-788.9349,5693.1016
-218.3695,21.910387,5827.9834,-166.97774,120.23678,5836.785,-278.53815,114.56398,5848.284,-209.47942,-99.226585,5846.856,-73.80645,475.52548,5803.2197,-432.46393,431.26212,5710.573,-217.28763,-241.75899,5809.1235,-127.71614,826.5923,6003.857,-486.9789,812.7053,5821.525,-222.07161,-297.46094,5784.7046,-76.91603,898.94354,5904.491,-555.11176,880.64435,5727.162,-224.74043,-521.1223,5772.322,-151.7539,-423.95248,5765.4556,-293.50757,-419.3501,5807.346,-219.2304,-594.5163,5713.4595,-64.6509,-454.4333,5699.5337,-406.61475,-445.00854,5821.003,-118.95726,-255.75691,5534.7617,-573.0075,-265.3047,5757.798,-266.90347,-407.3547,5428.9414,-524.163,-333.10583,5522.545,-306.702,-455.23575,5387.571,-511.54453,-363.87885,5446.444,-183.66342,-644.4459,5625.423,-161.01355,-678.19946,5647.7793,-149.85022,-668.19617,5728.549,-221.64217,-676.7,5628.133,-297.95026,-663.6185,5692.0654,-221.00386,-802.36707,5702.585
-199.69193,1.5578766,5853.5605,-147.30217,99.28147,5862.6064,-257.9264,94.91292,5878.1904,-191.74014,-121.23744,5869.982,-67.58596,466.8255,5852.2544,-393.30902,426.42853,5740.29,-202.02759,-263.8519,5825.2705,-124.0376,825.4678,6040.4736,-411.4786,809.90094,5869.755,-207.28804,-319.04523,5798.9717,-78.09616,904.10925,5939.3306,-479.3084,885.8048,5777.1045,-208.37302,-542.5825,5778.498,-135.68608,-442.79257,5775.0903,-278.81387,-444.06342,5816.129,-204.96774,-614.249,5717.3506,-54.805885,-471.78995,5703.517,-393.27756,-477.5664,5812.1646,-138.1248,-288.38934,5521.5483,-574.85596,-326.2762,5694.782,-287.47488,-464.5044,5434.502,-544.68945,-420.05914,5463.2056,-327.1439,-518.5929,5396.586,-541.45575,-455.71637,5386.659,-182.62424,-657.45844,5623.7056,-156.5832,-691.51495,5639.7075,-131.80777,-687.265,5718.4663,-220.46194,-688.7618,5629.0947,-285.27945,-681.49817,5701.6885,-205.91507,-814.7185,5698.2656
-183.0347,-16.007334,5875.4443,-128.57678,81.0381,5883.6494,-237.46933,77.15139,5904.043,-177.00015,-139.39774,5889.3936,-58.48197,456.1391,5866.036,-351.7602,426.6647,5801.5015,-190.42595,-281.65414,5842.1353,-114.780396,819.9294,6044.962,-337.6046,807.3485,5949.9287,-196.74281,-336.58688,5815.187,-73.56452,901.4126,5941.5806,-397.2021,890.67676,5857.2646,-197.59456,-559.741,5789.4106,-124.198425,-458.83002,5785.5713,-267.79437,-463.92325,5832.538,-195.37225,-622.6235,5726.6714,-50.400703,-489.99634,5707.974,-383.1115,-506.0897,5830.5728,-153.20107,-323.13623,5516.839,-585.614,-384.47168,5705.587,-303.34933,-508.2365,5439.204,-565.2396,-484.9593,5475.2524,-342.1939,-567.4469,5404.2197,-565.94104,-524.2671,5401.0107,-170.06738,-651.34766,5630.76,-145.31784,-688.15,5642.7705,-124.70056,-697.66394,5721.118,-208.36507,-682.4828,5632.504,-275.73593,-687.58136,5706.7783,-196.69289,-818.644,5686.342
-165.71733,-31.086605,5848.7544,-109.355545,65.37284,5855.133,-216.10811,63.039692,5881.747,-162.07292,-155.11389,5860.1357,-46.17714,439.9041,5839.7236,-305.4278,424.50195,5817.743,-180.79308,-299.09045,5815.63,-102.206696,810.5192,6013.9307,-275.8963,799.7297,5978.9995,-187.93767,-354.73093,5789.625,-69.39978,894.64044,5912.659,-321.7211,888.2057,5889.6255,-187.57585,-578.6332,5767.0884,-115.89595,-476.70834,5758.7104,-256.8437,-483.20782,5811.484,-184.93265,-644.65314,5705.3936,-47.316093,-507.78717,5679.2725,-372.47772,-530.2591,5812.061,-167.55368,-351.01813,5485.793,-579.91956,-430.2101,5679.146,-315.16754,-536.2871,5413.4326,-583.7422,-542.474,5452.262,-355.12012,-594.4725,5377.961,-586.8537,-580.632,5377.898,-156.7819,-679.8133,5610.831,-132.89792,-716.995,5625.0874,-114.68668,-721.3876,5704.26,-194.93933,-710.6283,5614.44,-264.366,-709.1932,5689.644,-185.78596,-846.0314,5676.317
-154.88638,-43.69767,5889.077,-97.41089,52.723675,5892.8643,-202.46367,51.49642,5923.898,-153.11937,-167.05331,5900.634,-33.89251,423.5289,5857.2305,-267.51028,420.75894,5889.221,-174.233,-311.43692,5857.5,-92.321106,801.8482,6014.2305,-234.04414,794.17175,6048.5884,-182.03394,-367.03906,5831.3125,-68.10615,895.71155,5918.5103,-264.9265,892.52966,5966.391,-178.65994,-591.28516,5808.0234,-109.39581,-487.86182,5797.209,-247.71313,-497.30695,5855.501,-179.59366,-656.0799,5746.811,-44.679146,-521.37354,5715.0576,-360.7541,-554.56824,5861.3984,-183.57535,-370.78198,5529.7935,-577.4546,-486.50473,5739.845,-332.7955,-556.27356,5464.5537,-611.88586,-588.4891,5513.6357,-373.78998,-616.58105,5430.1885,-619.9217,-624.1076,5437.158,-154.40053,-693.78186,5652.464,-129.29167,-727.2909,5666.957,-107.50073,-724.1535,5746.55,-189.3539,-727.524,5658.049,-255.13547,-726.9788,5734.98,-172.36876,-857.8924,5723.044
-141.25151,-51.010075,5883.901,-82.08073,45.151436,5885.384,-184.6258,45.24145,5920.0576,-141.58707,-174.44028,5895.3345,-17.218098,410.67548,5836.4785,-236.48418,415.3995,5909.085,-165.68799,-317.87198,5853.8027,-70.84438,787.8055,5987.23,-201.34993,790.5071,6049.7754,-174.34253,-373.64053,5827.591,-58.14153,882.7145,5893.492,-234.71211,884.9125,5963.525,-170.62175,-595.3096,5802.73,-103.155014,-492.2334,5790.7764,-238.33179,-504.23706,5852.878,-172.37056,-658.1599,5740.947,-42.15916,-524.6131,5707.1963,-349.80826,-567.2178,5860.4893,-193.52432,-376.76694,5533.074,-564.1371,-518.479,5749.966,-347.98975,-560.19037,5469.8447,-629.04553,-610.7689,5522.537,-392.57837,-621.31067,5437.353,-641.8639,-646.2457,5447.1123,-148.61365,-692.1725,5643.273,-122.4802,-725.3703,5657.1514,-98.21683,-724.0221,5737.8994,-182.1939,-726.73047,5648.528,-245.73454,-729.20105,5727.391,-162.406,-860.6398,5709.9204
-128.77827,-50.928223,5867.497,-68.90157,44.273438,5867.3364,-169.7845,45.998375,5902.934,-131.17781,-173.88664,5879.459,6.1112795,397.9728,5789.949,-218.14511,414.92725,5894.461,-156.58762,-316.34668,5837.62,-44.304127,773.508,5943.155,-191.0405,791.7001,6023.991,-165.79211,-371.94153,5811.219,-39.48713,859.804,5848.7466,-230.76973,874.78564,5931.3433,-162.17302,-592.24713,5782.353,-96.65169,-488.70972,5769.5015,-227.0228,-504.15375,5836.5615,-165.22812,-651.13367,5720.1855,-41.11548,-517.4418,5682.966,-332.80698,-573.286,5850.632,-207.616,-371.87738,5521.601,-540.5861,-532.8245,5757.1523,-368.7281,-548.4431,5463.632,-631.2877,-614.495,5532.956,-419.7504,-605.0082,5429.625,-651.1403,-649.7396,5459.6123,-139.71783,-681.4605,5621.5635,-115.54675,-716.1383,5635.4243,-94.539406,-717.6258,5717.1914,-175.7706,-714.4636,5624.915,-241.22421,-718.0673,5702.8657,-165.55179,-850.979,5683.5605
-119.520645,-47.72616,5849.117,-58.83297,45.476585,5847.3936,-159.47067,48.510483,5885.3154,-122.968216,-168.735,5860.3936,37.349407,389.2718,5745.4253,-209.06644,412.81754,5865.2256,-149.7316,-308.868,5816.9727,-11.50885,751.93396,5923.315,-182.67033,789.37933,5996.5713,-159.37325,-363.83307,5789.822,15.181696,847.0814,5837.165,-229.07915,865.171,5900.3804,-154.2838,-581.4163,5755.0093,-91.343605,-477.73712,5741.1226,-217.14226,-496.3537,5815.7476,-159.70764,-639.3699,5691.6978,-39.26624,-502.5626,5651.4194,-317.09335,-569.2251,5844.3545,-210.1635,-359.87384,5497.177,-516.83344,-540.80554,5834.607,-384.5884,-523.99286,5477.833,-625.9569,-610.7994,5631.161,-441.41217,-575.3036,5462.6504,-657.9933,-643.6116,5567.4795,-133.71701,-668.1617,5590.928,-109.55792,-704.09436,5604.421,-89.03206,-707.1499,5686.639,-169.52722,-701.3152,5592.8174,-236.36221,-706.0621,5670.61,-162.48648,-841.2013,5649.0576
-114.159035,-43.837807,5881.5107,-53.208397,48.557026,5880.4087,-154.80603,51.502052,5917.965,-117.40151,-165.27646,5892.5938,62.895508,387.72168,5781.6113,-211.32922,412.67563,5884.8833,-143.3953,-302.83688,5847.9995,24.390295,746.1602,5973.681,-182.34111,791.18317,6018.5557,-153.123,-357.34003,5819.844,71.88948,847.98926,5896.8506,-229.83154,863.0947,5918.7603,-147.55624,-575.01013,5781.9346,-84.995544,-470.4348,5767.8164,-209.568,-490.0001,5845.1704,-154.31659,-631.72876,5716.471,-35.195457,-491.3872,5675.857,-308.45615,-560.7561,5878.3164,-212.94087,-342.8828,5533.931,-505.0327,-546.06696,5905.652,-410.99698,-494.4146,5518.4224,-626.34717,-609.41345,5701.294,-475.99677,-540.41565,5503.187,-666.12756,-635.2008,5638.784,-128.8491,-658.57794,5612.682,-104.16146,-695.10834,5626.5303,-83.71034,-701.3479,5710.662,-164.70169,-691.29913,5613.2725,-233.32573,-697.28424,5691.0303,-159.92308,-832.86475,5668.7124
-109.0251,-41.634377,5896.7397,-47.749817,50.2269,5897.191,-150.86736,52.208336,5935.194,-111.93681,-163.04178,5905.188,82.25772,396.57196,5843.3633,-220.6982,410.09662,5883.8174,-137.21216,-297.63644,5858.329,65.45982,744.3595,6058.9346,-182.16306,792.5633,6021.384,-146.71664,-350.94507,5828.603,122.975075,850.5763,5994.1045,-232.76004,866.99414,5922.9688,-140.6077,-568.2665,5784.495,-79.95961,-462.73593,5768.8486,-200.95593,-484.08075,5853.6885,-147.02875,-623.12024,5716.625,-31.581173,-480.05768,5676.082,-292.03275,-553.5106,5903.5444,-211.12537,-321.65564,5551.173,-465.87018,-548.94666,6052.8994,-427.16153,-458.35297,5564.036,-632.7041,-591.2214,5890.6665,-500.8548,-496.6442,5559.878,-687.63556,-607.1651,5831.839,-124.6954,-648.5592,5610.642,-99.71637,-685.86633,5624.0117,-78.60218,-694.3563,5707.5146,-159.92735,-681.26965,5610.3506,-227.56802,-688.1516,5688.744,-155.65205,-821.9938,5663.0938
-98.76146,-36.466408,5859.041,-37.699978,55.85033,5856.8604,-141.19835,58.44947,5899.8486,-99.42112,-157.77171,5868.753,94.647285,397.45575,5785.82,-218.34773,411.29315,5850.9907,-123.20156,-291.50864,5822.1904,105.5294,729.3395,6021.796,-180.49529,784.72034,5993.254,-133.7644,-344.52798,5792.337,166.98819,831.50226,5957.0327,-232.29703,859.63654,5896.8555,-130.40182,-559.66754,5744.2886,-71.8285,-454.8872,5726.303,-184.8783,-477.3991,5818.4253,-139.3072,-612.6061,5674.88,-28.330006,-470.00626,5633.0693,-267.2967,-547.894,5878.0103,-199.2431,-305.01007,5524.748,-416.75113,-533.03485,6066.6694,-436.25507,-410.25983,5565.579,-618.5646,-558.18567,6003.0054,-511.40927,-442.7496,5577.757,-678.4708,-563.9149,5973.7554,-117.76227,-636.7921,5567.6304,-92.832596,-675.1845,5580.8853,-71.635864,-683.7968,5664.9146,-152.40318,-670.01324,5567.097,-219.4896,-677.3693,5646.7197,-147.1084,-811.2116,5620.187
-91.127426,-37.471367,5866.1675,-30.266764,55.25474,5864.0957,-135.4499,56.875446,5907.471,-89.73192,-158.01547,5876.745,113.35825,401.17145,5821.9897,-213.26303,409.03317,5850.092,-111.79292,-291.98,5830.02,143.46431,729.4486,6059.7344,-181.42233,782.1468,5994.1577,-122.25667,-344.71185,5799.9824,214.4205,827.22107,5995.9575,-232.81604,854.4357,5895.54,-120.42212,-559.71625,5749.3955,-62.174095,-454.0009,5731.1187,-172.4349,-478.76602,5825.6562,-131.79561,-612.5402,5678.885,-20.76915,-462.94513,5635.987,-252.67798,-546.4367,5888.2075,-186.09355,-289.71884,5527.302,-395.70248,-514.5131,6082.3843,-431.71323,-368.06995,5544.2476,-606.6067,-506.78418,5992.4424,-509.99307,-391.47043,5552.6455,-671.951,-507.18768,5950.4727,-112.94957,-636.423,5571.109,-87.729126,-675.14655,5584.2617,-64.99768,-684.33575,5669.3164,-147.61069,-669.592,5571.624,-213.63806,-676.485,5652.5166,-142.67886,-810.82715,5625.968
-79.715836,-39.27619,5867.116,-19.06461,52.801727,5864.2627,-124.113464,54.746956,5907.956,-77.76109,-159.10231,5879.2,128.98643,401.5114,5835.0254,-208.4357,403.31403,5835.2627,-99.774734,-293.22842,5831.572,175.17274,732.047,6066.2397,-180.49973,777.5669,5982.96,-110.62952,-345.63602,5802.053,257.4104,825.375,6001.3516,-232.58524,849.66095,5883.922,-110.657936,-561.0286,5750.3696,-51.60564,-455.00488,5731.3174,-161.09174,-479.6395,5828.05,-124.82837,-614.22644,5679.4736,-10.238058,-460.76993,5634.7866,-241.99515,-542.26025,5893.3955,-166.233,-278.71954,5523.012,-373.58582,-484.81738,6088.7744,-415.0058,-333.75006,5516.8477,-598.4931,-454.11816,6036.663,-493.79816,-347.4199,5522.0327,-670.78357,-448.3209,6010.3643,-110.21006,-637.80194,5571.2227,-84.532974,-676.73065,5583.215,-58.690136,-685.9376,5667.198,-144.83595,-671.0184,5573.3823,-207.90463,-677.3668,5656.1304,-137.75406,-812.388,5627.074
-66.52836,-44.822903,5886.1113,-6.104767,47.82273,5883.339,-111.295044,48.70454,5929.331,-63.021324,-165.04916,5896.7046,142.91226,400.11353,5865.7764,-202.29794,398.4802,5869.144,-85.87917,-298.12003,5847.6704,197.90717,736.7028,6084.9194,-180.5749,776.46326,6008.1445,-97.557495,-350.1496,5817.6494,284.57153,823.29443,6013.591,-235.02556,850.71716,5910.247,-100.969215,-565.77136,5763.5312,-40.246624,-460.0788,5744.4736,-149.93344,-483.87476,5843.218,-118.08382,-618.797,5692.036,2.0496154,-464.15982,5646.8438,-231.27475,-543.06494,5910.879,-140.33919,-272.24725,5535.7476,-347.4742,-468.77515,6116.646,-392.06104,-310.73248,5521.5596,-569.83606,-400.4743,6098.611,-472.80914,-320.83102,5526.273,-640.3937,-379.04218,6086.3867,-107.012596,-640.9033,5584.073,-81.02114,-680.4523,5594.635,-52.691357,-690.4999,5676.829,-141.1777,-674.317,5587.2603,-201.70609,-680.95996,5670.732,-132.30913,-815.88635,5638.738
-51.95816,-47.05917,5892.6353,8.737124,46.295654,5889.1636,-98.09623,46.588787,5935.988,-47.413452,-167.53255,5903.992,157.93918,401.76443,5873.0654,-195.47234,392.98273,5868.2046,-71.56714,-300.4233,5855.484,206.21872,748.2498,6081.5967,-180.26276,774.2806,6010.1636,-84.35949,-352.69977,5826.201,287.0753,835.99005,6006.2524,-237.74289,845.13007,5909.8564,-92.507935,-570.4337,5774.2866,-29.439798,-465.2098,5753.8823,-139.88615,-485.70792,5853.586,-111.76451,-623.30505,5701.775,15.366193,-469.82138,5656.0796,-224.28532,-538.842,5923.3916,-104.40332,-268.44952,5538.112,-333.6835,-445.86655,6128.654,-341.7628,-289.6474,5499.165,-550.00507,-354.34772,6123.0127,-417.0755,-294.60223,5495.134,-616.8406,-322.06818,6120.313,-102.661575,-644.39856,5593.2803,-77.05764,-684.7055,5604.1763,-47.97724,-697.1188,5686.977,-138.04015,-676.6144,5596.2954,-197.64418,-682.9494,5680.095,-130.2715,-818.6359,5647.919
-36.553463,-49.107758,5934.7363,24.83858,44.637276,5931.0635,-83.915115,46.301403,5976.008,-32.200233,-169.57753,5948.203,173.39716,398.8594,5895.0596,-188.42116,390.29037,5903.45,-57.305717,-304.0309,5900.9736,205.095,759.95135,6086.7,-183.34477,772.1595,6046.3345,-70.99802,-356.90805,5872.4756,287.03003,840.8026,6004.417,-241.22737,843.8376,5947.083,-84.50078,-577.85736,5824.7915,-17.67567,-474.35458,5803.966,-131.59387,-488.23114,5901.588,-106.57037,-633.7863,5752.6523,31.705433,-482.66977,5705.222,-221.08833,-533.52893,5971.25,-64.35953,-277.4477,5572.292,-325.91907,-419.0569,6167.919,-298.3015,-281.96097,5498.9966,-540.75525,-307.8512,6179.1333,-372.42044,-280.29202,5484.932,-604.1575,-264.73138,6188.806,-98.92013,-658.04175,5645.165,-73.27319,-697.577,5657.0264,-42.366302,-708.50916,5739.5244,-134.92581,-688.7688,5648.9736,-194.80754,-691.794,5732.72,-129.7433,-828.9497,5703.3906
-18.05839,-49.62529,5940.1543,44.18299,44.121998,5940.8813,-67.69784,46.57129,5976.1885,-15.52933,-170.45529,5954.4116,190.23534,397.5167,5911.1343,-179.68916,382.67883,5873.6084,-40.1011,-305.23593,5905.805,196.02109,765.37256,6103.706,-183.75366,766.64996,6023.0806,-54.36599,-357.68152,5877.1553,284.92798,848.23126,6026.1904,-241.34639,839.4574,5923.624,-74.539536,-580.62274,5831.997,-1.2701355,-480.18945,5814.514,-122.427734,-485.66724,5903.671,-98.616196,-636.90125,5760.6055,53.60204,-493.89444,5718.266,-218.48979,-520.1339,5968.6064,-14.197813,-292.3369,5572.807,-331.95773,-383.09283,6149.0312,-235.25058,-283.16876,5492.237,-536.76074,-250.31123,6205.7354,-302.59518,-277.69888,5477.6187,-592.1877,-207.16533,6235.1943,-91.380714,-663.2679,5654.357,-66.9671,-701.88245,5665.952,-35.47578,-712.55615,5747.4077,-128.3124,-693.7416,5658.622,-186.9931,-694.8491,5741.087,-124.068436,-832.1406,5715.1104
-3.4162445,-52.439686,5922.853,58.960194,41.659397,5925.9326,-53.16396,44.688694,5955.6123,-2.0384796,-173.6283,5936.97,198.49454,390.95856,5882.304,-174.40567,383.31265,5875.0557,-26.322535,-309.34988,5889.9062,183.939,761.50116,6059.5703,-186.44925,761.4946,6028.0166,-40.5422,-361.45703,5862.0557,273.469,837.48975,5981.497,-246.39285,833.5206,5928.5054,-65.647705,-584.59143,5821.7197,12.195956,-488.59308,5807.2095,-114.64363,-485.55576,5887.2695,-89.50828,-642.31995,5751.9893,75.707504,-508.3353,5716.7285,-214.75595,-508.85352,5946.6396,39.225,-304.84216,5564.035,-322.40552,-348.6613,6107.6763,-152.10464,-292.23965,5413.4355,-521.2372,-203.07166,6133.582,-207.6926,-282.30045,5365.319,-574.5212,-154.40222,6150.7363,-83.168205,-670.9164,5648.1313,-59.273987,-710.768,5660.165,-25.816273,-719.2347,5740.583,-119.707924,-701.5929,5653.086,-177.68637,-699.16626,5734.064,-116.18199,-838.80536,5709.8467
10.541534,-57.063934,5930.9854,72.780045,37.126465,5936.042,-39.577736,41.069893,5962.187,11.841543,-179.1306,5944.887,208.82275,380.36514,5872.1084,-167.93411,384.258,5906.9307,-9.224157,-317.846,5899.153,181.4401,759.19415,6035.9976,-188.16377,759.8676,6055.418,-22.34756,-370.9261,5871.7607,271.62524,833.36145,5957.952,-250.31894,833.3003,5956.8765,-49.690216,-593.6493,5833.661,30.582361,-500.04193,5823.1694,-99.36267,-492.70844,5894.413,-74.69796,-654.1921,5765.128,101.7121,-524.59076,5738.0283,-203.59164,-506.97925,5943.9365,102.91526,-327.83392,5573.3506,-312.0936,-312.83008,6059.9346,-67.861465,-310.9718,5380.926,-503.51822,-165.19379,5953.2456,-111.20829,-301.53766,5310.2954,-559.58044,-112.605606,5921.761,-72.432175,-682.6498,5661.792,-48.033394,-722.436,5673.271,-10.739492,-731.1631,5752.6865,-109.167786,-713.33875,5668.136,-164.64066,-710.8152,5748.9907,-104.20394,-850.7471,5726.4165
22.394323,-65.27453,5901.886,84.118546,28.466335,5910.336,-28.005213,32.671295,5928.4463,22.12941,-187.28226,5917.372,215.33337,369.03424,5840.6562,-157.75803,377.70367,5887.568,6.866449,-328.09045,5872.8223,182.84094,751.3795,5989.1553,-188.59924,749.7711,6041.0386,-3.6665466,-380.91574,5845.411,268.98984,823.53876,5907.593,-252.44392,823.0975,5943.547,-33.00754,-603.5146,5811.743,51.059677,-512.6342,5807.245,-85.09921,-499.61044,5863.6646,-55.62102,-665.7602,5742.8584,132.71162,-541.6875,5732.44,-192.187,-504.12363,5899.358,165.3652,-358.93365,5561.8125,-285.81903,-287.5953,5971.365,24.142166,-340.92676,5345.1626,-478.60156,-160.91202,5827.0737,-6.7859755,-330.56003,5258.0947,-539.0239,-113.2144,5789.379,-57.181183,-693.8307,5640.016,-31.859125,-734.4435,5651.299,9.253763,-744.22614,5730.788,-94.04195,-724.9149,5647.633,-146.34558,-723.0881,5729.001,-86.10266,-861.77014,5706.159
35.368088,-77.40304,5908.212,94.65238,17.739862,5921.5225,-17.601843,21.182896,5929.388,35.159576,-199.04396,5923.7295,219.15878,361.01276,5853.8057,-150.73564,370.3093,5906.7153,26.585114,-341.80106,5883.091,182.99673,746.7715,5991.1963,-188.8635,742.9914,6063.699,18.177418,-396.01038,5856.0493,267.254,817.6576,5908.3267,-256.55807,819.02875,5968.698,-14.933172,-619.3568,5829.631,73.64529,-532.255,5831.469,-68.19255,-510.8675,5869.079,-35.630947,-683.39825,5762.555,165.76837,-569.3065,5772.3447,-175.3466,-505.28925,5887.5073,232.52762,-395.28766,5601.7686,-250.31503,-275.13815,5921.042,125.980125,-377.19952,5367.255,-466.91357,-174.94568,5795.8647,99.16242,-367.01556,5277.854,-529.3981,-130.34033,5772.0146,-44.018826,-711.8859,5661.5635,-18.122355,-752.8252,5671.626,28.756336,-763.61896,5750.0728,-80.844604,-743.2096,5670.7427,-128.03125,-741.78815,5751.38,-69.167496,-881.16925,5729.3594
45.19111,-87.267075,5864.2993,101.70308,6.880839,5884.213,-9.869852,10.039274,5877.699,44.53318,-209.19803,5880.425,215.77612,344.89355,5809.965,-145.038,364.1984,5869.1416,43.944466,-353.9472,5839.9575,176.86435,735.00433,5929.407,-195.16832,726.5135,6034.1553,37.468243,-407.88272,5812.9854,258.7568,804.49963,5842.5537,-259.92365,805.22345,5938.436,1.6675568,-630.8329,5793.708,92.57048,-546.3107,5803.6924,-53.25393,-519.2402,5819.2983,-17.141123,-695.7551,5727.7476,190.8671,-588.1058,5754.8228,-158.13408,-508.79312,5809.102,275.09293,-430.91666,5578.1514,-193.62569,-281.56433,5725.5127,217.51265,-410.4389,5333.0586,-378.5499,-226.19197,5548.1367,206.30008,-400.96915,5244.5327,-438.4811,-192.65155,5507.87,-26.369848,-724.6774,5627.5,-0.7924835,-764.7123,5637.462,46.751076,-777.8204,5716.3228,-63.218224,-755.0078,5636.9653,-110.19647,-753.8778,5715.9614,-52.819386,-893.1336,5694.682
49.97439,-97.3479,5828.949,102.60075,-9.296379,5870.3022,-5.625785,-2.3827865,5832.115,41.672787,-219.74829,5835.2056,211.14104,347.14606,5895.9883,-138.78099,354.52588,5835.5283,47.34139,-365.34467,5787.39,177.40303,739.31433,5991.3047,-206.45679,710.2131,6003.7705,45.487976,-418.96988,5759.085,262.4201,811.006,5915.103,-260.6114,796.66785,5904.084,6.3620176,-640.8341,5732.798,94.482376,-561.69775,5768.8516,-46.33134,-525.34326,5736.068,-2.481224,-706.36096,5667.9478,197.50343,-608.42725,5743.586,-135.52916,-510.30087,5675.6587,284.90768,-471.61627,5559.129,-119.395096,-306.04553,5519.3135,280.1187,-440.506,5306.3516,-232.73184,-301.17465,5283.4604,291.3228,-420.3444,5217.8057,-275.17133,-275.98175,5209.286,-7.4720817,-732.1287,5567.7744,17.622944,-772.9499,5579.2383,62.138783,-788.00745,5663.8154,-44.686676,-762.46704,5574.8076,-93.70609,-763.0898,5651.505,-38.776966,-902.44305,5634.593
53.841663,-111.91814,5826.7334,103.986206,-21.129763,5868.0625,-2.5803466,-16.806484,5819.9546,43.965485,-233.7562,5838.6963,206.2469,337.90338,5869.4697,-134.1618,339.46957,5835.1826,52.79122,-380.73322,5799.6665,171.7939,729.34845,5952.8955,-219.68198,698.526,5980.225,53.80787,-435.53207,5775.8057,258.10333,800.0697,5880.6943,-265.61774,782.809,5879.0557,17.46424,-657.96014,5758.478,99.95322,-575.20667,5800.012,-34.023285,-544.83044,5745.9,11.249001,-723.8737,5698.293,202.55576,-621.6021,5794.106,-110.11865,-545.4417,5673.7314,305.1839,-472.60117,5634.2266,-50.89068,-370.57812,5497.6787,353.0089,-449.84564,5382.4453,-53.903126,-378.09174,5250.88,379.4904,-432.89072,5298.503,-63.430458,-364.37997,5145.4053,8.55517,-745.96375,5601.893,32.656456,-786.5736,5613.469,75.786354,-805.236,5695.904,-29.3707,-775.18964,5607.871,-78.594444,-777.50433,5680.4043,-28.692785,-916.60175,5665.05
59.65805,-117.05199,5796.419,108.46531,-24.897696,5839.001,1.6621888,-22.750315,5780.6875,46.732555,-237.89188,5811.902,200.38235,335.45917,5837.2446,-130.96509,333.58298,5790.13,54.377525,-384.78882,5784.4077,164.82703,721.25684,5909.5664,-228.63164,686.4313,5933.1187,56.980755,-441.26846,5766.3076,253.45732,790.1477,5841.412,-268.11444,774.4486,5834.259,22.630474,-663.3226,5769.915,99.978516,-576.88586,5809.349,-25.897686,-552.4703,5739.897,21.938328,-732.71515,5714.234,202.24362,-622.8892,5819.3413,-93.78783,-562.29065,5661.6626,324.08264,-480.67715,5667.839,23.614635,-408.92035,5485.3022,419.4013,-459.40942,5432.3813,124.84348,-489.65878,5290.093,457.95947,-439.18506,5358.218,144.2526,-499.64423,5195.242,27.656332,-760.80054,5623.778,51.87082,-798.98834,5640.7085,88.12236,-810.84033,5723.5586,-10.731778,-788.90393,5626.9062,-67.36126,-786.6409,5692.164,-13.570943,-928.50214,5689.483
59.655388,-125.712364,5695.5615,104.62799,-34.591824,5745.009,2.8167634,-30.450653,5674.832,44.46825,-242.28609,5707.5977,189.91666,327.3267,5762.505,-126.95467,323.1019,5673.202,52.292316,-387.16937,5685.442,154.77722,708.2546,5846.7915,-240.91904,670.05115,5821.7095,58.669167,-443.1127,5667.837,240.82028,774.8159,5777.619,-273.4025,757.01697,5722.133,19.546875,-662.8446,5670.2363,89.31131,-574.8436,5725.187,-21.102274,-555.3695,5628.0405,27.965586,-729.86536,5615.574,182.9497,-615.05707,5768.754,-70.61166,-570.3365,5541.69,329.1911,-476.21747,5703.0166,79.501724,-452.83072,5361.138,454.00977,-446.96622,5455.914,260.19318,-523.233,5242.9463,502.27768,-422.32428,5391.3115,315.91766,-533.43353,5189.4077,43.6839,-757.35333,5522.445,65.3055,-796.4,5540.034,91.90196,-808.8661,5628.552,5.1914396,-785.32544,5523.53,-58.464344,-782.8885,5586.1655,-6.8970323,-924.3859,5587.01
59.421154,-137.21365,5632.889,101.43095,-45.686733,5686.5454,4.9502287,-40.190147,5605.238,43.096264,-251.38037,5642.561,182.52544,315.17514,5701.781,-121.23836,311.33334,5585.386,50.27026,-392.96112,5625.858,148.40402,695.5563,5776.7563,-250.53125,654.72284,5729.715,61.938427,-448.20966,5609.107,231.17654,759.63477,5703.606,-276.58142,740.3151,5628.435,15.800174,-665.05676,5613.571,77.0864,-577.12164,5676.739,-14.380478,-560.74725,5560.117,32.363728,-728.46387,5562.264,160.04314,-613.688,5741.443,-39.901234,-581.8541,5470.913,324.41476,-467.55078,5762.201,145.81256,-499.52914,5297.296,483.96964,-437.87616,5565.1733,377.2352,-566.1027,5259.315,534.9671,-412.44354,5507.857,446.0832,-572.86383,5240.0483,59.03971,-755.7377,5471.3813,79.29237,-793.51624,5492.53,95.73652,-804.58264,5581.92,20.833218,-784.4231,5469.1406,-49.2164,-783.26013,5525.3833,2.932483,-925.63916,5541.17
58.415882,-138.9067,5657.4873,97.64601,-47.42967,5711.5244,5.4394655,-42.618164,5626.7925,40.405407,-253.76746,5667.3916,178.35107,314.77133,5733.6904,-121.8953,310.1959,5593.0386,50.5798,-396.3801,5652.146,142.50404,695.9944,5805.394,-260.81732,648.3271,5742.2974,62.35901,-450.93448,5637.7627,227.53406,757.22723,5733.199,-286.63275,737.7223,5645.108,19.393885,-670.484,5644.4897,73.533005,-575.06903,5708.6025,-5.9724245,-568.9065,5586.46,39.141613,-736.2451,5597.172,158.67133,-602.70026,5774.954,-16.73025,-600.9404,5498.49,320.7678,-447.208,5760.8193,210.93425,-539.2757,5367.9604,501.4554,-420.58945,5569.665,452.74884,-584.11523,5383.9243,559.83575,-399.4687,5521.83,526.49066,-584.00726,5390.532,74.826614,-766.5343,5508.9707,93.91008,-804.96136,5533.087,102.33411,-812.5392,5622.474,36.48459,-796.7344,5505.2617,-38.969337,-794.7826,5556.399,14.68364,-936.83563,5582.3174
59.60908,-135.55984,5753.4883,93.21217,-44.294437,5807.754,7.5676756,-41.62902,5719.4136,38.140934,-254.58394,5764.2046,177.91206,320.31644,5841.8076,-124.20125,313.9415,5681.534,56.865124,-399.23926,5749.657,140.74324,707.05255,5908.5244,-273.73788,654.6277,5828.1724,65.321625,-455.92075,5737.8057,228.99902,768.4362,5840.766,-297.73105,744.3602,5729.2046,25.088816,-680.86755,5745.4937,72.19598,-576.9988,5814.581,7.282672,-579.46,5679.8447,52.042187,-752.01636,5702.013,151.62645,-595.7868,5895.69,13.555786,-622.2286,5585.7046,304.96887,-420.89093,5891.748,262.2204,-578.0745,5482.116,518.84357,-415.91974,5744.5527,498.78458,-594.2324,5589.478,589.02295,-405.2814,5717.5874,570.71234,-591.5051,5621.8945,97.51579,-787.74493,5615.789,115.8735,-826.744,5645.2373,117.0999,-829.0571,5735.7437,57.905617,-819.38,5610.7954,-25.07462,-814.6559,5656.3965,32.367138,-955.94403,5691.332
1353.8195,-572.1483,8207.322,1392.9365,-487.95126,8205.432,1322.794,-493.16757,8242.286,1358.4226,-666.87317,8209.229,1401.2744,-171.27608,8242.028,1272.3712,-180.47083,8301.424,1353.7566,-788.5194,8189.5654,1393.7931,168.32626,8330.2,1312.5953,161.87479,8366.166,1347.5532,-836.7583,8175.486,1396.3031,217.20366,8286.732,1280.5471,199.58745,8333.635,1354.175,-1038.8676,8158.818,1392.2375,-943.88055,8152.218,1316.1707,-951.258,8193.158,1339.9316,-1095.9971,8123.792,1438.8667,-943.18195,8129.493,1262.6628,-966.05896,8228.489,1465.1041,-743.1868,8128.8687,1212.1674,-780.6389,8270.497,1445.4586,-589.5724,8090.1655,1198.9651,-652.86316,8231.889,1442.8215,-545.97003,8081.759,1193.7136,-626.41943,8230.747,1312.6116,-1119.0267,8063.9595,1330.6781,-1148.4459,8054.59,1372.633,-1147.5547,8081.7,1300.3284,-1152.9875,8073.095,1299.8021,-1157.8464,8123.9805,1342.7689,-1264.7217,8112.867
56.47462,-133.62952,5780.513,86.40325,-41.546906,5837.38,7.3193054,-39.892822,5743.4746,32.65458,-253.37576,5788.8037,177.47794,322.31512,5870.9116,-120.935684,314.10922,5705.242,54.396217,-398.85458,5777.2236,135.61644,708.7166,5947.925,-285.34863,650.69586,5854.9126,64.28567,-457.73663,5767.442,227.96306,771.902,5882.473,-305.51505,745.24426,5758.1406,29.924128,-684.3109,5774.643,64.99718,-577.09314,5846.4297,18.864542,-584.59045,5704.461,62.937492,-758.90125,5737.245,132.04529,-587.2516,5938.603,44.501392,-631.92267,5612.0786,277.44424,-394.85034,5958.9214,306.16156,-599.0713,5545.9316,519.9075,-414.79913,5871.263,491.98224,-611.76355,5739.835,598.9873,-418.00116,5867.8623,547.50446,-614.244,5798.008,119.86765,-799.6232,5657.685,134.45279,-837.96906,5690.795,119.68376,-836.1525,5780.943,80.007126,-832.11755,5646.9155,-9.747995,-825.01984,5682.7954,44.317665,-969.2946,5729.9233
57.541405,-135.46397,5766.9023,85.470276,-43.67689,5824.4907,10.747309,-41.69921,5726.9287,32.90513,-253.96574,5773.607,179.93881,318.2496,5855.927,-112.2641,312.34073,5673.2095,54.72869,-400.52866,5766.024,131.49963,703.9617,5937.8735,-295.29144,643.9137,5822.3936,66.948845,-460.38177,5759.133,223.60966,766.4811,5874.0503,-308.29776,740.75104,5730.1704,35.538094,-685.7111,5766.195,61.009254,-575.89197,5838.132,31.101038,-588.5614,5693.686,73.59577,-761.8674,5733.04,111.1592,-578.7494,5935.3853,72.38647,-640.9021,5607.3535,234.34439,-371.35803,5955.0845,335.22507,-607.235,5609.8613,491.13516,-416.78506,5932.6104,448.9659,-626.45325,5869.161,573.38464,-431.5673,5950.3296,486.70532,-631.55396,5941.388,138.37613,-800.6204,5657.879,149.77281,-838.31775,5691.7104,123.134445,-837.39435,5779.953,99.94794,-831.31006,5642.2197,5.287038,-825.42737,5669.2695,54.635914,-970.36096,5722.1807
60.882954,-137.41353,5750.662,87.912895,-46.051083,5809.361,16.291979,-43.889565,5709.165,35.59767,-255.5192,5755.8076,177.78331,314.57962,5841.908,-102.39911,308.1283,5650.2764,58.858074,-402.546,5751.5903,126.23704,698.344,5919.827,-297.911,630.9782,5808.4243,71.795044,-462.26602,5746.3125,219.154,759.65155,5854.8877,-307.89288,730.61536,5723.657,42.782722,-685.9315,5755.1675,59.182384,-575.9813,5826.3906,44.171734,-591.4904,5680.8677,83.904274,-762.4251,5724.741,95.26712,-574.84753,5928.9595,96.826126,-647.4668,5599.8657,201.7741,-353.69223,5953.1694,353.97812,-613.901,5632.463,444.17276,-417.6852,5932.4346,425.17084,-629.95667,5901.241,522.20886,-438.5442,5955.4893,447.07526,-634.2157,5975.083,148.98502,-802.0319,5652.734,158.3323,-840.4956,5687.7217,129.4775,-837.2042,5774.2603,111.1027,-832.24414,5634.7085,16.402946,-823.21484,5657.9478,61.94109,-970.61346,5708.951
62.01303,-142.33302,5727.116,86.178246,-51.90766,5786.15,21.123856,-49.786556,5682.4727,34.746513,-259.71707,5732.3677,175.1232,309.6023,5819.077,-84.84921,303.3825,5598.9673,60.97154,-405.2176,5730.953,120.19954,692.26746,5892.882,-299.06537,613.1419,5765.3877,74.007034,-465.1765,5727.5977,212.53389,753.82855,5826.559,-310.64655,719.7706,5688.6353,40.930134,-685.9872,5732.6045,50.896057,-578.5128,5806.0977,51.580544,-592.48535,5658.4834,86.78715,-761.73456,5704.55,65.893326,-580.90234,5913.6772,111.37132,-647.441,5580.5244,157.68448,-348.11554,5961.2925,354.15634,-616.7382,5640.105,387.06024,-429.14984,5983.086,385.10468,-639.91003,5914.3774,456.53378,-459.67154,6015.096,397.67944,-644.3429,5985.156,156.15254,-799.92096,5636.4985,163.19817,-837.9823,5671.3955,126.808815,-834.86993,5755.1924,121.12545,-829.9347,5616.3496,26.001038,-822.0794,5632.7744,69.31691,-968.0492,5682.785
63.142555,-144.9015,5739.7515,84.84116,-55.433033,5799.8584,22.844263,-51.96853,5694.7026,36.141624,-262.86948,5743.0664,169.7529,308.09894,5828.579,-67.918724,307.1801,5612.0283,62.47608,-409.51678,5740.368,116.882545,689.1551,5909.38,-293.3895,607.198,5787.582,74.75297,-470.51044,5736.962,208.92986,751.83527,5841.722,-306.34027,717.6357,5716.6924,36.99425,-690.2251,5737.7007,44.06336,-583.7653,5813.6914,53.570747,-595.66864,5664.5347,85.59261,-766.4089,5711.318,41.219246,-592.067,5922.836,116.1765,-649.9083,5587.63,107.964645,-361.531,6003.811,348.6233,-623.8244,5664.1025,320.89157,-450.61505,6058.7197,348.77768,-649.5105,5937.1963,380.7142,-481.78622,6089.582,352.17422,-654.1706,6005.921,159.85141,-805.5171,5643.971,165.5395,-842.9904,5679.641,122.67356,-837.7526,5764.553,124.15083,-836.3119,5623.296,26.984634,-828.7506,5638.1123,67.4406,-970.6616,5691.7803
64.98826,-152.08957,5765.5093,85.955154,-63.573425,5827.3823,26.121704,-58.40879,5720.0947,34.575935,-271.78378,5766.5137,163.27902,301.8227,5852.4014,-47.864075,303.0059,5635.998,59.18741,-418.91376,5761.768,112.298096,688.1676,5923.4727,-278.61102,599.50604,5817.167,70.52864,-480.4323,5757.147,209.69551,749.66425,5859.1694,-293.99338,714.9935,5749.31,30.765697,-699.67285,5751.323,34.506397,-595.629,5831.107,51.827034,-602.562,5679.966,80.10005,-775.8595,5727.202,17.633183,-613.3088,5940.851,117.139626,-655.9044,5603.1045,52.836952,-386.1189,6045.2017,347.48883,-630.1198,5691.39,253.86626,-473.6142,6088.094,330.52972,-657.4443,5964.016,305.8327,-507.24542,6108.9287,327.27252,-659.11536,6030.5767,156.2747,-815.192,5662.9443,160.8196,-852.1292,5699.3467,116.30121,-846.9547,5781.4634,121.16136,-845.9045,5642.229,23.863827,-838.0964,5653.034,66.09558,-979.6496,5709.8804
65.16192,-160.71404,5761.9365,83.87554,-73.05327,5826.367,29.270641,-66.37193,5715.875,32.487377,-280.8587,5760.589,155.71977,295.79556,5863.911,-25.552097,301.4721,5633.3096,56.598316,-426.45654,5755.3677,108.01433,685.32825,5927.4004,-258.718,599.9743,5799.1143,67.93657,-487.44208,5750.0376,208.78403,745.734,5871.715,-259.7503,715.1973,5735.286,24.934149,-705.8048,5739.2393,26.082275,-604.17194,5821.203,50.893448,-607.30206,5670.407,74.542816,-779.8163,5715.767,-4.3402414,-629.4461,5929.328,114.337425,-657.68463,5593.3154,13.79143,-410.79688,6052.7754,347.39996,-628.40295,5685.3506,201.48161,-501.59106,6110.726,310.93738,-660.11066,5951.341,244.4188,-532.8744,6133.142,300.6752,-662.8821,6015.833,150.77048,-818.93994,5653.5127,153.87238,-855.02576,5688.682,106.858765,-850.1486,5769.276,115.59645,-848.2036,5632.274,19.024511,-839.4331,5640.775,56.65984,-980.4943,5695.8936
57.7192,-169.69794,5723.853,75.7301,-81.91658,5789.9688,25.920496,-73.90608,5676.3467,23.790049,-287.77444,5721.8887,144.01396,288.45364,5826.2285,-2.0362053,294.46503,5597.245,43.806953,-431.6541,5717.085,101.779884,676.99817,5883.0947,-233.56255,597.88586,5752.228,56.41146,-491.5838,5711.915,204.88188,736.4491,5833.267,-214.72922,710.3739,5697.501,12.320369,-707.98206,5699.741,11.387691,-609.00476,5781.5283,38.488655,-609.14777,5632.0317,62.800373,-780.98315,5675.877,-25.419083,-637.61786,5887.241,98.94934,-655.09656,5554.2095,-36.87191,-438.42218,6026.494,338.1568,-615.41455,5636.554,155.4707,-526.5502,6108.1553,314.55777,-644.7772,5906.4116,198.70587,-550.0127,6136.753,306.59274,-645.3466,5974.2334,139.41904,-820.109,5616.915,141.7568,-855.7204,5651.1787,93.04707,-849.15955,5730.943,105.45378,-849.4989,5596.345,9.721774,-839.3986,5603.1553,41.953224,-983.0377,5659.257
49.434452,-173.70953,5691.6626,65.97127,-85.90746,5759.7275,21.94289,-76.410995,5644.392,13.780118,-290.2409,5688.585,135.73917,282.78946,5793.7983,16.510237,292.32367,5572.6675,30.748592,-432.15952,5682.846,95.66254,670.66003,5848.966,-204.42514,603.8478,5719.4834,44.077213,-491.56168,5677.333,202.62448,728.8862,5806.3115,-173.38646,710.9931,5664.882,-1.0188835,-706.6725,5659.975,-3.9446137,-610.96674,5742.7217,26.395126,-606.451,5595.0376,48.710846,-778.7047,5635.294,-43.388496,-642.49817,5845.165,86.63503,-646.36865,5517.097,-66.941895,-449.9542,5990.3936,334.2003,-595.25073,5593.7607,126.53214,-528.9901,6068.6006,294.22177,-627.9421,5854.484,168.43192,-548.53577,6097.7466,278.7483,-632.01025,5921.8525,127.387535,-817.4219,5577.0986,128.0562,-854.0636,5610.829,76.29962,-847.1483,5690.1235,93.24295,-845.9321,5556.4053,-2.374939,-834.91077,5561.7773,27.636719,-980.7453,5618.0405
38.155415,-176.056,5669.449,53.68032,-87.46816,5737.1045,15.141482,-78.88962,5621.0376,-1.1229904,-291.8225,5667.3105,130.03914,277.34833,5777.9053,31.485697,287.4698,5548.7446,14.511129,-432.82495,5663.596,92.245895,666.9884,5837.9033,-174.15103,611.56116,5686.985,26.733774,-492.3078,5658.858,201.17477,724.6898,5801.0493,-134.53673,715.16095,5629.326,-16.311197,-707.5406,5641.3765,-20.26083,-612.5413,5723.7236,10.66752,-607.2142,5576.5186,32.5935,-779.61633,5613.1187,-62.8034,-636.6838,5825.495,69.69311,-639.10913,5496.8438,-115.23665,-422.33707,5946.0806,323.29276,-571.34973,5561.6797,98.55434,-509.86783,6006.732,290.1168,-608.33386,5823.2876,143.7319,-531.25806,6026.023,275.3786,-614.1367,5891.3013,110.204124,-819.4567,5549.811,111.42163,-856.51416,5582.4927,63.88053,-854.09064,5665.367,74.96132,-847.01447,5528.8022,-21.116016,-835.3787,5538.3926,12.81341,-981.46985,5587.642
26.82932,-175.32445,5673.844,41.423767,-85.91288,5740.675,7.518463,-77.81406,5623.552,-12.507255,-290.31158,5671.917,128.63792,275.79953,5789.4487,41.562477,286.53864,5546.8994,-0.81095505,-431.10303,5669.0967,87.14577,665.04266,5859.5103,-158.29756,618.1419,5671.3213,11.405933,-490.14542,5665.6997,197.2881,723.3952,5830.1865,-109.02964,714.7538,5612.2173,-32.430305,-704.96326,5649.006,-37.958855,-609.5305,5729.6626,-4.550846,-605.61487,5583.7134,15.062375,-776.4902,5622.3467,-82.846634,-626.60187,5829.2627,52.562157,-630.22754,5502.378,-142.84972,-397.07697,5925.9365,304.85098,-543.0167,5557.405,80.20586,-489.92114,5993.361,299.0561,-583.3064,5824.841,130.69324,-514.5126,6013.788,291.47632,-589.2389,5896.124,90.534,-819.69775,5558.999,90.99787,-856.895,5591.3975,44.72241,-849.7316,5675.9214,54.43814,-847.8744,5538.839,-39.53131,-834.22577,5548.8193,-9.388786,-978.1522,5600.589
13.6727705,-169.75464,5718.9346,28.997192,-80.066086,5786.515,-3.527427,-71.72139,5669.21,-29.982265,-285.9407,5715.2124,133.26268,274.39996,5843.9727,45.32423,288.70444,5581.4834,-16.301184,-428.31583,5710.6553,85.85173,667.4409,5915.511,-161.7703,622.87085,5696.108,-5.150022,-488.04803,5705.7686,197.02388,726.24445,5893.2285,-108.63562,720.558,5636.2773,-47.343235,-703.5025,5683.041,-53.17807,-610.87415,5768.314,-19.541294,-601.7545,5619.2954,-1.3571656,-777.7602,5655.8735,-95.44585,-631.974,5871.703,40.39005,-619.68866,5533.866,-144.72462,-405.15314,5978.457,281.5929,-505.61914,5583.06,90.78313,-490.68204,6027.9663,306.60175,-556.37726,5854.926,142.03413,-514.25977,6044.941,310.62802,-566.77893,5930.222,74.58113,-824.05975,5593.086,74.01361,-861.97253,5624.939,26.65282,-853.59863,5708.7686,38.218315,-851.8133,5571.925,-56.00237,-834.9797,5579.507,-26.493267,-979.2617,5630.975
-4.9660673,-162.58702,5741.7344,14.09406,-73.13639,5809.259,-18.822897,-64.27995,5693.0854,-52.658363,-278.28027,5738.3306,142.94942,272.77603,5863.687,39.78818,294.1645,5608.289,-37.774696,-420.22623,5732.44,87.44018,666.4732,5937.665,-174.4948,625.58636,5726.266,-26.579945,-480.43463,5727.4414,199.16023,726.342,5915.212,-118.04132,720.9855,5665.6396,-63.979168,-698.31165,5701.4805,-72.85272,-606.3713,5787.522,-37.043373,-594.2436,5639.9023,-17.865726,-772.74744,5671.651,-117.69081,-624.2931,5892.9326,24.06215,-604.4193,5553.0444,-159.97424,-389.9284,5992.0605,246.72705,-468.10263,5611.829,41.92205,-401.00015,6069.6924,308.93936,-512.2757,5877.941,91.34565,-408.11694,6098.9336,327.6503,-524.4671,5953.042,57.81671,-820.9696,5605.527,57.844368,-859.32385,5637.229,12.737643,-851.42725,5722.8154,20.375881,-847.80505,5585.1533,-75.29907,-830.68195,5594.8804,-43.897835,-975.9678,5645.475
-25.744312,-157.00403,5739.4287,-4.0708838,-68.24735,5807.2314,-39.982735,-59.357765,5690.9653,-73.41658,-270.71442,5737.372,148.13132,267.67075,5853.6514,20.612076,298.50522,5613.1094,-58.185535,-412.16693,5727.5146,86.085495,659.4316,5920.146,-185.59067,629.6937,5725.6025,-45.147503,-471.0061,5721.214,198.4273,719.1989,5904.518,-123.0131,718.3361,5665.727,-78.29805,-687.1353,5689.4575,-86.129166,-600.61066,5777.9653,-56.21765,-580.53546,5630.13,-34.454285,-760.7742,5659.2153,-123.04118,-628.754,5880.9927,-0.75118047,-585.09674,5540.3423,-172.66733,-415.13354,6000.2812,211.06613,-423.04132,5577.9097,-3.2848015,-368.25018,6078.0977,288.86276,-459.29785,5838.2856,43.047478,-359.46548,6107.288,306.89374,-471.48993,5916.948,38.774574,-810.4549,5594.959,38.73828,-849.0465,5625.935,-5.279133,-841.2062,5710.107,1.4908514,-836.50525,5574.0303,-93.902405,-817.6864,5583.7153,-64.27467,-964.7541,5635.0117
-44.11524,-151.3895,5776.61,-19.045918,-61.91742,5842.475,-60.61952,-52.473167,5728.4023,-93.06986,-266.86395,5778.308,149.98328,266.84872,5883.5303,0.48460564,301.77,5651.0327,-71.15057,-409.79184,5765.975,84.264786,658.7711,5943.592,-193.43097,637.2158,5782.7188,-58.937187,-467.59406,5755.163,196.18655,721.85345,5927.5317,-129.46284,723.09106,5720.2524,-92.21366,-685.19745,5721.6094,-85.81742,-601.5013,5815.5405,-80.20373,-573.92255,5660.2046,-48.968525,-759.9359,5684.77,-89.90978,-637.5958,5918.2954,-35.272408,-571.1582,5559.6914,-103.58714,-454.2906,6058.005,156.41689,-384.64066,5569.587,93.210846,-470.55536,6001.386,262.42285,-404.23038,5824.9424,144.06978,-480.71396,5974.7324,284.50635,-417.02255,5909.446,22.404922,-809.01306,5614.507,24.400377,-845.97034,5646.585,-15.344792,-841.1288,5734.5605,-14.830813,-834.1229,5594.724,-110.81818,-814.78357,5608.696,-76.94955,-962.5294,5658.85
-63.99702,-143.71048,5806.369,-39.719547,-54.808388,5871.477,-78.77718,-45.81454,5756.791,-113.90892,-258.0568,5808.3325,149.00412,264.8515,5914.6885,-11.331285,306.97504,5679.444,-91.80663,-399.4035,5796.746,80.82338,656.0321,5971.9346,-200.93965,644.28625,5805.778,-80.26523,-457.47745,5787.0615,191.44748,720.8552,5958.9595,-131.76054,728.6945,5747.6245,-111.818115,-677.517,5755.111,-108.36995,-590.67975,5848.603,-99.68278,-566.3478,5691.441,-68.97929,-755.4923,5721.1943,-118.672806,-618.2601,5953.142,-58.040962,-557.727,5589.9116,-124.07216,-425.14658,6083.276,109.68923,-352.99982,5597.237,82.81215,-452.13785,6002.5225,236.69373,-358.81116,5838.3447,140.20961,-465.05795,5969.4336,262.29114,-366.60068,5920.653,3.0696173,-809.52185,5656.171,4.300839,-845.6405,5689.5283,-36.42442,-837.85077,5775.2617,-33.13508,-834.0112,5636.5874,-127.87844,-811.9691,5646.497,-97.660995,-958.51074,5702.0244
-85.716866,-141.6834,5782.0684,-60.280968,-53.710114,5846.1973,-100.15951,-43.99749,5733.483,-135.6771,-254.24605,5784.2764,137.4972,261.0324,5888.7993,-24.727528,307.86517,5656.189,-115.3959,-394.54498,5772.4346,68.17501,649.9903,5958.319,-208.39775,646.903,5782.524,-102.834984,-451.7557,5763.8647,177.70676,715.6068,5945.495,-136.06422,727.52814,5725.7373,-130.09111,-672.5504,5734.443,-127.17894,-584.5828,5825.6245,-122.37569,-561.70404,5670.257,-86.696884,-751.07935,5702.247,-134.41747,-608.02563,5930.9014,-86.36992,-548.3125,5566.9595,-149.12415,-409.48862,6056.711,52.966522,-322.97412,5562.5015,62.8868,-424.21182,6003.979,189.72552,-322.16336,5796.931,121.73293,-437.5108,5986.0635,222.74776,-330.2667,5878.372,-16.427631,-808.0194,5636.421,-13.803787,-844.1655,5669.2407,-51.133907,-834.1769,5755.734,-53.786995,-833.3707,5618.0107,-148.34483,-811.0332,5630.5312,-116.01628,-956.4074,5688.9155
